{"cameraMode":{"drawMode":0,"name":"Shaded","section":"Shading Mode"},"sceneLighting":true,"audioPlay":false,"sceneViewState":{"m_AlwaysRefresh":false,"showFog":true,"showSkybox":true,"showFlares":true,"showImageEffects":true,"showParticleSystems":true,"showVisualEffectGraphs":true,"m_FxEnabled":true},"in2DMode":false,"pivot":{"x":0.5180761218070984,"y":11.52072525024414,"z":4.2449951171875},"rotation":{"x":0.00020828635024372488,"y":0.7242741584777832,"z":-0.6895038485527039,"w":0.0002188316429965198},"size":39.26618194580078,"orthographic":false}