{"cameraMode":{"drawMode":0,"name":"Shaded","section":"Shading Mode"},"sceneLighting":true,"audioPlay":false,"sceneViewState":{"m_AlwaysRefresh":false,"showFog":true,"showSkybox":true,"showFlares":true,"showImageEffects":true,"showParticleSystems":true,"showVisualEffectGraphs":true,"m_FxEnabled":true},"in2DMode":false,"pivot":{"x":1.3137435913085938,"y":-5.308917999267578,"z":-12.280303955078125},"rotation":{"x":-0.07651841640472412,"y":0.9052227139472961,"z":-0.18473155796527863,"w":-0.37495434284210207},"size":61.596675872802737,"orthographic":false}